2023/03/25 11:31:33,2
2023/03/25 11:34:52,0
2023/03/25 11:34:57,0
2023/03/25 11:35:08,6
2023/03/25 11:35:19,0
2023/03/25 15:11:20,5
2023/03/25 15:11:30,0
2023/03/25 16:04:33,0
2023/03/25 16:08:15,1
2023/03/25 17:05:03,3
2023/03/25 21:03:52,2
2023/03/25 21:12:09,0
2023/03/25 21:14:41,1
2023/03/25 21:42:00,0
2023/03/25 21:43:40,1
2023/03/25 21:44:42,20
2023/03/25 21:47:47,0
2023/03/25 21:47:52,0
2023/03/25 22:08:17,1
2023/03/25 22:08:31,3
2023/03/25 22:10:08,2
2023/03/25 22:32:34,1
2023/03/25 22:32:43,2
2023/03/25 22:32:57,3
2023/03/25 22:33:09,7
2023/03/25 22:33:51,14
2023/03/25 22:34:14,4
2023/03/25 22:34:24,3
2023/03/25 22:34:43,14
2023/03/25 22:34:54,4
2023/03/25 22:35:42,10
2023/03/25 22:36:32,11
2023/03/25 22:36:50,7
2023/03/25 22:37:06,6
2023/03/25 22:37:10,2
2023/03/25 22:37:21,3
2023/03/25 22:37:45,8
2023/03/25 22:37:51,2
2023/03/25 22:38:12,7
2023/03/25 22:38:16,0
2023/03/25 22:38:24,1
2023/03/25 22:38:48,9
2023/03/25 22:39:00,6
2023/03/25 22:39:36,15
2023/03/25 22:50:59,0
2023/03/25 22:52:05,0
2023/03/25 23:21:34,0
2023/03/25 23:27:40,0
2023/03/25 23:41:38,2
2023/03/25 23:41:51,0
2023/03/25 23:42:09,4
2023/03/25 23:42:14,0
2023/03/25 23:42:20,1
2023/03/25 23:42:27,2
2023/03/25 23:42:32,1
2023/03/25 23:42:36,0
2023/03/25 23:42:37,0
2023/03/25 23:42:40,0
2023/03/25 23:42:48,1
2023/03/25 23:45:47,0
2023/03/25 23:46:07,6
2023/03/25 23:48:01,8
2023/03/25 23:48:05,0
2023/03/25 23:48:23,4
2023/03/25 23:48:28,1
2023/03/25 23:48:47,7
2023/03/25 23:48:59,2
2023/03/25 23:49:17,2
2023/03/25 23:50:43,20
2023/03/25 23:51:36,5
2023/03/25 23:51:44,2
2023/03/25 23:52:00,5
2023/03/25 23:53:15,50
2023/03/25 23:55:34,5
2023/03/25 23:56:19,22
2023/03/25 23:56:25,0
2023/03/25 23:56:29,0
2023/03/25 23:57:30,36
2023/03/25 23:58:02,3
2023/03/25 23:58:45,17
2023/03/25 23:58:57,3
2023/03/25 23:59:06,2
2023/03/25 23:59:45,24
2023/03/25 23:59:54,7
2023/03/26 00:00:08,2
2023/03/26 00:00:41,14
2023/03/26 00:00:48,5
2023/03/26 00:00:52,0
2023/03/26 00:22:46,4
2023/03/26 00:22:54,2
2023/03/26 00:23:07,3
2023/03/26 00:23:19,2
2023/03/26 00:23:21,0
2023/03/26 00:24:15,33
2023/03/26 00:24:19,2
2023/03/26 00:24:36,7
2023/03/26 00:25:33,46
2023/03/26 00:25:37,0
2023/03/26 00:26:05,14
2023/03/26 00:26:12,2
2023/03/26 00:26:30,7
2023/03/26 00:26:33,0
2023/03/26 00:27:05,20
2023/03/26 00:27:24,8
2023/03/26 00:28:07,25
2023/03/26 00:28:14,0
2023/03/26 00:28:26,0
2023/03/26 00:29:00,14
2023/03/26 00:29:03,0
2023/03/26 00:29:16,5
2023/03/26 00:29:18,0
2023/03/26 00:29:21,0
2023/03/26 00:29:53,8
2023/03/26 00:29:59,0
2023/03/26 00:30:45,35
2023/03/26 00:30:48,0
2023/03/26 00:31:02,7
2023/03/26 00:31:12,7
2023/03/26 00:31:16,0
2023/03/26 00:31:38,5
2023/03/26 00:31:42,0
2023/03/26 00:32:28,31
2023/03/26 00:32:34,0
2023/03/26 00:33:15,26
2023/03/26 00:33:19,1
2023/03/26 00:33:32,4
2023/03/26 00:34:39,42
2023/03/26 00:34:45,1
2023/03/26 00:35:02,5
2023/03/26 00:35:14,5
2023/03/26 00:35:20,2
2023/03/26 00:35:29,0
2023/03/26 00:35:38,1
2023/03/26 00:36:10,16
2023/03/26 00:48:26,1
2023/03/26 00:51:26,0
2023/03/26 00:51:32,0
2023/03/26 00:51:48,0
2023/03/26 00:52:11,0
2023/03/26 13:58:46,7
2023/03/26 13:58:51,1
2023/03/26 13:59:01,2
2023/03/26 13:59:08,0
2023/03/26 13:59:22,5
2023/03/26 13:59:35,0
2023/03/26 13:59:57,13
2023/03/29 22:43:54,1
2023/03/29 22:44:03,3
2023/03/29 23:06:05,0
2023/03/29 23:07:17,1
2023/03/29 23:07:46,0
2023/03/29 23:40:05,1
2023/03/29 23:40:16,0
2023/03/29 23:40:21,0
2023/03/29 23:40:33,1
2023/03/29 23:41:32,0
2023/03/29 23:44:05,1
2023/03/29 23:45:17,0
2023/03/29 23:45:27,0
2023/03/29 23:50:42,0
2023/03/30 00:20:25,0
2023/03/30 00:22:51,0
2023/03/30 00:23:10,0
2023/03/30 00:25:48,3
2023/03/30 00:46:56,0
2023/03/30 00:48:32,1
2023/03/30 00:49:09,3
2023/03/30 00:49:17,2
2023/03/30 00:53:56,0
2023/03/30 00:54:05,0
2023/03/30 00:55:05,2
2023/03/30 00:55:19,4
2023/03/30 00:55:56,28
2023/03/30 00:56:08,11
2023/03/30 00:56:12,0
2023/03/30 09:54:05,2
2023/03/30 09:54:19,3
2023/03/30 09:54:31,5
2023/03/30 09:55:42,32
2023/03/30 09:55:57,3
2023/03/30 09:56:28,0
2023/03/30 09:56:56,0
2023/03/30 10:00:36,23
2023/03/30 10:05:13,1
2023/03/30 10:05:15,0
2023/03/30 10:05:24,1
2023/03/30 17:09:23,10
2023/03/30 17:10:09,0
2023/03/30 17:10:15,0
2023/03/30 17:10:31,1
2023/03/30 17:19:45,1
2023/03/30 17:19:51,0
2023/03/30 17:19:59,0
2023/03/30 17:20:06,0
2023/03/30 17:20:18,14
2023/03/30 17:20:20,0
2023/03/30 17:20:29,1
2023/03/30 17:20:35,2
2023/03/30 17:20:40,4
2023/03/30 17:20:43,1
2023/03/30 17:20:58,6
2023/03/30 17:21:31,34
2023/03/30 17:44:06,1
2023/03/30 17:44:28,4
2023/03/30 17:47:23,16
2023/03/30 21:51:46,0
2023/03/30 21:52:18,10
2023/03/31 11:50:31,3
2023/03/31 11:51:38,30
2023/03/31 11:51:50,3
2023/03/31 11:51:53,0
2023/03/31 11:52:45,2
2023/03/31 11:52:55,2
2023/03/31 11:52:57,0
2023/03/31 12:01:14,6
2023/03/31 12:04:17,0
